{
  "name": "AMK Bootstrap",
  "image": "mcr.microsoft.com/devcontainers/universal:2",
  "features": {
    "ghcr.io/devcontainers/features/node:1": {
      "version": "lts"
    },
    "ghcr.io/devcontainers/features/python:1": {
      "version": "3.11"
    }
  },
  "postCreateCommand": "bash setup/bootstrap.sh",
  "customizations": {
    "vscode": {
      "extensions": [
        "ms-python.python",
        "ms-python.vscode-pylance",
        "ms-vscode.vscode-typescript-next",
        "dbaeumer.vscode-eslint",
        "esbenp.prettier-vscode"
      ]
    }
  }
}